series,kind,is_model,x,y
gray line,line,1,0.18907034178703697,5.448888888888909
gray line,line,1,0.25808090314701815,5.40000000000002
gray line,line,1,0.32709146450699933,5.497777777777799
gray line,line,1,0.3961020258669805,3.395555555555582
gray line,line,1,0.4651125872269688,3.2488888888889136
gray line,line,1,0.53412314858695,3.2488888888889136
gray line,line,1,0.6031337099469312,3.2488888888889136
gray line,line,1,0.6721442713069123,-0.8577777777777555
gray line,line,1,0.7411548326668935,3.297777777777803
gray line,line,1,2.328397743946482,-13.593333333333305
gray line,line,1,2.3974083053064703,-13.495555555555534
gray line,line,1,2.4664188666664444,-13.495555555555534
gray line,line,1,2.5354294280264327,-13.593333333333305
gray line,line,1,2.6044399893864068,-13.617777777777754
gray line,line,1,3.2255350416262445,8.01555555555558
gray line,line,1,3.294545602986233,8.504444444444466
gray line,line,1,3.363556164346221,9.262222222222242
gray line,line,1,3.432566725706195,8.675555555555576
gray line,line,1,3.5015772870661834,10.362222222222243
gray line,line,1,3.5705878484261575,8.651111111111135
gray line,line,1,3.639598409786146,8.651111111111135
gray line,line,1,3.70860897114612,10.435555555555581
gray line,line,1,3.777619532506108,10.508888888888912
gray line,line,1,3.8466300938660822,10.362222222222243
gray line,line,1,3.9156406552260705,9.311111111111131
gray line,line,1,3.984651216586059,9.2377777777778
gray line,line,1,4.053661777946033,8.553333333333356
gray line,line,1,4.122672339306021,8.01555555555558
gray line,line,1,4.191682900665995,7.4533333333333545
gray line,line,1,4.2606934620259835,8.577777777777797
gray line,line,1,4.329704023385958,8.577777777777797
gray line,line,1,4.398714584745946,8.651111111111135
gray line,line,1,4.467725146105934,7.233333333333356
gray line,line,1,4.536735707465908,7.233333333333356
gray line,line,1,4.6057462688258965,8.626666666666686
gray line,line,1,4.674756830185871,8.626666666666686
gray line,line,1,4.743767391545859,8.920000000000023
gray line,line,1,4.812777952905833,7.233333333333356
gray line,line,1,4.881788514265821,8.577777777777797
gray line,line,1,4.95079907562581,8.920000000000023
gray line,line,1,5.019809636985784,8.920000000000023
gray line,line,1,5.088820198345772,8.528888888888915
gray line,line,1,5.157830759705746,9.213333333333352
gray line,line,1,5.226841321065734,8.895555555555575
gray line,line,1,5.295851882425708,9.066666666666691
gray line,line,1,5.364862443785697,10.288888888888913
gray line,line,1,5.433873005145671,7.086666666666687
gray line,line,1,5.502883566505659,8.577777777777797
gray line,line,1,5.571894127865647,8.773333333333355
gray line,line,1,5.640904689225621,9.140000000000022
gray line,line,1,5.70991525058561,7.355555555555576
gray line,line,1,5.778925811945584,9.11555555555558
gray line,line,1,5.847936373305572,8.700000000000024
gray line,line,1,5.916946934665546,8.773333333333355
gray line,line,1,5.985957496025534,9.017777777777802
gray line,line,1,6.054968057385523,9.800000000000026
gray line,line,1,6.123978618745497,9.213333333333352
gray line,line,1,6.192989180105485,10.60666666666669
gray line,line,1,6.261999741465459,10.557777777777801
gray line,line,1,6.331010302825447,10.802222222222248
gray line,line,1,6.4000208641854215,10.288888888888913
gray line,line,1,6.46903142554541,10.411111111111133
gray line,line,1,6.538041986905398,9.017777777777802
gray line,line,1,6.607052548265372,10.533333333333353
gray line,line,1,6.67606310962536,10.48444444444447
gray line,line,1,6.7450736709853345,9.017777777777802
gray line,line,1,6.814084232345323,10.582222222222242
gray line,line,1,6.883094793705297,10.386666666666692
gray line,line,1,6.952105355065285,10.582222222222242
gray line,line,1,7.021115916425259,10.82666666666669
gray line,line,1,7.0901264777852475,10.582222222222242
gray line,line,1,7.159137039145236,9.702222222222247
gray line,line,1,7.22814760050521,8.993333333333354
gray line,line,1,7.297158161865198,8.871111111111134
gray line,line,1,7.366168723225172,8.871111111111134
gray line,line,1,7.4351792845851605,8.871111111111134
gray line,line,1,7.504189845945135,8.895555555555575
gray line,line,1,7.573200407305123,9.16444444444447
gray line,line,1,7.642210968665111,8.748888888888914
gray line,line,1,7.711221530025085,8.846666666666692
gray line,line,1,7.7802320913850735,8.871111111111134
gray line,line,1,7.849242652745048,8.895555555555575
gray line,line,1,7.918253214105036,10.386666666666692
gray line,line,1,7.98726377546501,10.435555555555581
gray line,line,1,8.056274336824998,10.460000000000022
gray line,line,1,8.125284898184987,10.508888888888912
gray line,line,1,8.19429545954496,10.680000000000021
gray line,line,1,8.263306020904949,10.802222222222248
gray line,line,1,8.332316582264923,10.875555555555579
gray line,line,1,8.401327143624911,10.85111111111113
gray line,line,1,8.470337704984885,10.85111111111113
gray line,line,1,8.539348266344874,10.72888888888891
gray line,line,1,8.608358827704848,10.337777777777802
gray line,line,1,8.677369389064836,8.968888888888912
gray line,line,1,8.746379950424824,9.702222222222247
gray line,line,1,8.815390511784798,8.895555555555575
gray line,line,1,8.884401073144787,9.042222222222243
gray line,line,1,8.95341163450476,9.16444444444447
gray line,line,1,9.022422195864749,9.2377777777778
gray line,line,1,9.091432757224723,8.797777777777803
gray line,line,1,9.160443318584711,9.311111111111131
gray line,line,1,9.2294538799447,10.288888888888913
gray line,line,1,9.298464441304674,10.288888888888913
gray line,line,1,9.367475002664662,9.775555555555577
gray line,line,1,9.436485564024636,10.288888888888913
gray line,line,1,9.505496125384624,10.582222222222242
gray line,line,1,9.574506686744598,9.922222222222246
gray line,line,1,9.643517248104587,9.2377777777778
gray line,line,1,9.712527809464575,9.066666666666691
gray line,line,1,9.78153837082455,10.631111111111132
gray line,line,1,9.850548932184537,8.700000000000024
gray line,line,1,9.919559493544511,10.411111111111133
gray line,line,1,9.9885700549045,-13.324444444444417
gray line,line,1,10.057580616264474,8.871111111111134
gray line,line,1,10.126591177624462,9.140000000000022
gray line,line,1,10.195601738984436,9.11555555555558
gray line,line,1,10.264612300344425,9.066666666666691
gray line,line,1,10.333622861704413,8.846666666666692
gray line,line,1,10.402633423064387,9.213333333333352
gray line,line,1,10.471643984424375,9.017777777777802
gray line,line,1,10.54065454578435,8.993333333333354
gray line,line,1,10.609665107144338,9.066666666666691
gray line,line,1,10.678675668504312,9.066666666666691
gray line,line,1,10.7476862298643,10.386666666666692
gray line,line,1,10.816696791224288,10.508888888888912
gray line,line,1,10.885707352584262,10.753333333333359
gray line,line,1,10.95471791394425,10.680000000000021
gray line,line,1,11.023728475304225,9.140000000000022
gray line,line,1,11.092739036664213,8.895555555555575
gray line,line,1,11.161749598024187,8.895555555555575
gray line,line,1,11.230760159384175,10.533333333333353
gray line,line,1,11.299770720744164,10.48444444444447
gray line,line,1,11.368781282104138,10.582222222222242
gray line,line,1,11.437791843464126,10.288888888888913
gray line,line,1,11.5068024048241,8.993333333333354
gray line,line,1,11.575812966184088,9.16444444444447
gray line,line,1,11.644823527544062,8.993333333333354
gray line,line,1,11.71383408890405,10.411111111111133
gray line,line,1,11.782844650264025,10.680000000000021
gray line,line,1,11.851855211624013,10.48444444444447
gray line,line,1,11.920865772984001,10.680000000000021
gray line,line,1,11.989876334343975,10.680000000000021
gray line,line,1,12.058886895703964,10.94888888888891
gray line,line,1,12.127897457063938,10.973333333333358
gray line,line,1,12.196908018423926,10.973333333333358
gray line,line,1,12.2659185797839,11.022222222222247
gray line,line,1,12.334929141143888,8.748888888888914
gray line,line,1,12.403939702503877,8.871111111111134
gray line,line,1,12.47295026386385,10.460000000000022
gray line,line,1,12.541960825223839,10.533333333333353
gray line,line,1,12.610971386583813,8.968888888888912
gray line,line,1,12.679981947943801,10.753333333333359
gray line,line,1,12.748992509303775,10.85111111111113
gray line,line,1,12.818003070663764,8.944444444444464
gray line,line,1,12.887013632023752,8.773333333333355
gray line,line,1,12.956024193383726,8.822222222222244
gray line,line,1,13.025034754743714,8.920000000000023
gray line,line,1,13.094045316103688,8.944444444444464
gray line,line,1,13.163055877463677,10.337777777777802
gray line,line,1,13.23206643882365,8.993333333333354
gray line,line,1,13.30107700018364,8.920000000000023
gray line,line,1,13.370087561543613,10.533333333333353
gray line,line,1,13.439098122903602,9.066666666666691
gray line,line,1,13.50810868426359,10.48444444444447
gray line,line,1,13.577119245623564,10.60666666666669
gray line,line,1,13.646129806983552,9.017777777777802
gray line,line,1,13.715140368343526,8.773333333333355
gray line,line,1,13.784150929703515,8.748888888888914
gray line,line,1,13.853161491063489,8.773333333333355
gray line,line,1,13.922172052423477,8.773333333333355
gray line,line,1,13.991182613783465,8.968888888888912
gray line,line,1,14.06019317514344,8.773333333333355
gray line,line,1,14.129203736503428,8.700000000000024
gray line,line,1,14.198214297863402,8.748888888888914
gray line,line,1,14.26722485922339,9.017777777777802
gray line,line,1,14.336235420583364,8.773333333333355
gray line,line,1,14.405245981943352,8.748888888888914
gray line,line,1,14.47425654330334,10.48444444444447
gray line,line,1,14.543267104663315,10.313333333333354
gray line,line,1,14.612277666023303,10.386666666666692
gray line,line,1,14.681288227383277,10.313333333333354
gray line,line,1,14.750298788743265,10.093333333333355
gray line,line,1,14.81930935010324,8.773333333333355
gray line,line,1,14.888319911463228,9.066666666666691
gray line,line,1,14.957330472823216,8.822222222222244
gray line,line,1,15.02634103418319,8.626666666666686
gray line,line,1,15.095351595543178,-13.348888888888865
gray line,line,1,15.164362156903152,10.72888888888891
gray line,line,1,15.23337271826314,10.533333333333353
gray line,line,1,15.302383279623115,10.48444444444447
gray line,line,1,15.371393840983103,10.582222222222242
gray line,line,1,15.440404402343077,10.680000000000021
gray line,line,1,15.509414963703065,10.802222222222248
gray line,line,1,15.578425525063054,10.72888888888891
gray line,line,1,15.647436086423028,10.802222222222248
gray line,line,1,15.716446647783016,10.65555555555558
gray line,line,1,15.78545720914299,10.460000000000022
gray line,line,1,15.99248889322294,10.973333333333358
gray line,line,1,16.06149945458293,10.65555555555558
gray line,line,1,16.130510015942903,10.386666666666692
gray line,line,1,16.19952057730289,10.65555555555558
gray line,line,1,16.268531138662865,10.680000000000021
gray line,line,1,16.337541700022854,10.70444444444447
gray line,line,1,16.406552261382828,10.631111111111132
gray line,line,1,16.475562822742816,10.313333333333354
gray line,line,1,16.75160506818274,10.70444444444447
gray line,line,1,16.82061562954273,10.70444444444447
gray line,line,1,16.889626190902703,10.70444444444447
gray line,line,1,16.95863675226269,10.70444444444447
gray line,line,1,17.027647313622666,10.680000000000021
gray line,line,1,17.096657874982654,10.337777777777802
gray line,line,1,17.165668436342642,10.680000000000021
gray line,line,1,17.234678997702616,10.82666666666669
gray line,line,1,17.303689559062605,10.65555555555558
gray line,line,1,17.37270012042258,10.386666666666692
gray line,line,1,17.441710681782567,10.631111111111132
gray line,line,1,17.51072124314254,10.65555555555558
gray line,line,1,17.57973180450253,-13.617777777777754
gray line,line,1,18.131816295382393,10.557777777777801
gray line,line,1,18.200826856742367,10.557777777777801
gray line,line,1,18.269837418102355,10.557777777777801
gray line,line,1,18.33884797946233,10.533333333333353
gray line,line,1,18.407858540822318,10.557777777777801
gray line,line,1,18.47686910218229,10.557777777777801
gray line,line,1,18.54587966354228,10.82666666666669
gray line,line,1,18.614890224902254,10.386666666666692
gray line,line,1,18.683900786262242,10.60666666666669
gray line,line,1,18.75291134762223,10.631111111111132
gray line,line,1,18.821921908982205,10.582222222222242
gray line,line,1,18.890932470342193,10.508888888888912
gray line,line,1,18.959943031702167,10.557777777777801
gray line,line,1,19.028953593062155,10.582222222222242
gray line,line,1,19.09796415442213,10.557777777777801
gray line,line,1,19.166974715782118,10.582222222222242
gray line,line,1,19.235985277142106,10.582222222222242
gray line,line,1,19.30499583850208,10.7777777777778
gray line,line,1,19.37400639986207,10.82666666666669
gray line,line,1,19.443016961222042,10.582222222222242
gray line,line,1,19.51202752258203,10.582222222222242
gray line,line,1,19.581038083942005,10.557777777777801
gray line,line,1,19.650048645301993,10.60666666666669
gray line,line,1,19.71905920666198,10.533333333333353
gray line,line,1,19.788069768021955,10.7777777777778
gray line,line,1,19.857080329381944,-13.397777777777755
gray line,line,1,19.926090890741918,-13.324444444444417
gray line,line,1,19.995101452101906,10.48444444444447
gray line,line,1,20.06411201346188,-13.397777777777755
gray line,line,1,20.13312257482187,10.582222222222242
gray line,line,1,20.202133136181843,10.48444444444447
gray line,line,1,20.27114369754183,10.288888888888913
gray line,line,1,20.34015425890182,11.022222222222247
gray line,line,1,20.409164820261793,10.191111111111134
gray line,line,1,20.47817538162178,10.240000000000023
gray line,line,1,20.547185942981756,10.82666666666669
gray line,line,1,20.616196504341744,10.508888888888912
gray line,line,1,20.685207065701718,10.631111111111132
gray line,line,1,20.754217627061706,10.582222222222242
gray line,line,1,20.823228188421695,10.60666666666669
gray line,line,1,22.341460538341295,-13.568888888888864
gray line,line,1,22.410471099701283,-13.568888888888864
gray line,line,1,22.479481661061257,-13.495555555555534
gray line,line,1,22.548492222421245,-13.593333333333305
gray line,line,1,22.61750278378122,-13.666666666666643
gray line,line,1,24.825840747300646,-13.495555555555534
gray line,line,1,24.894851308660634,-13.251111111111086
gray line,line,1,24.963861870020608,-13.251111111111086
gray line,line,1,25.032872431380596,-13.446666666666644
gray line,line,1,25.101882992740585,-13.471111111111085
gray line,line,1,27.31022095626001,-13.617777777777754
gray line,line,1,27.379231517619985,-13.593333333333305
gray line,line,1,27.448242078979973,-13.495555555555534
gray line,line,1,27.517252640339947,-13.495555555555534
gray line,line,1,27.586263201699936,-13.593333333333305
gray line,line,1,29.86361172657935,-13.471111111111085
gray line,line,1,29.932622287939324,-13.251111111111086
gray line,line,1,30.001632849299313,-13.251111111111086
gray line,line,1,30.070643410659287,-13.446666666666644
gray line,line,1,34.90138270585804,-13.446666666666644
gray line,line,1,34.970393267218014,-13.251111111111086
gray line,line,1,35.039403828578,-13.446666666666644
gray line,line,1,35.10841438993799,-13.471111111111085
gray line,line,1,37.38576291481739,-13.593333333333305
gray line,line,1,37.45477347617738,-13.495555555555534
gray line,line,1,37.523784037537354,-13.495555555555534
gray line,line,1,37.59279459889734,-13.593333333333305
gray line,line,1,39.87014312377676,-13.471111111111085
gray line,line,1,39.93915368513673,-13.251111111111086
gray line,line,1,40.00816424649672,-13.251111111111086
gray line,line,1,40.07717480785669,-13.471111111111085
gray line,line,1,42.35452333273611,-13.617777777777754
gray line,line,1,42.423533894096096,-13.593333333333305
gray line,line,1,42.49254445545607,-13.495555555555534
gray line,line,1,42.56155501681606,-13.593333333333305
magenta series,line,1,0.18907034178703697,-11.46666666666664
magenta series,line,1,0.25808090314701815,-11.27111111111109
magenta series,line,1,0.32709146450699933,-11.075555555555532
magenta series,line,1,0.3961020258669805,-10.831111111111085
magenta series,line,1,0.4651125872269688,-10.611111111111086
magenta series,line,1,0.53412314858695,-10.317777777777756
magenta series,line,1,0.6031337099469312,-10.09777777777775
magenta series,line,1,0.6721442713069123,-10.048888888888861
magenta series,line,1,0.7411548326668935,-9.779999999999973
magenta series,line,1,0.8101653940268747,-9.486666666666643
magenta series,line,1,0.8791759553868559,-9.022222222222197
magenta series,line,1,0.9481865167468442,-8.65555555555553
magenta series,line,1,1.0171970781068183,-8.337777777777752
magenta series,line,1,1.0862076394668065,-8.142222222222195
magenta series,line,1,1.1552182008267806,-7.922222222222196
magenta series,line,1,1.224228762186769,-7.702222222222197
magenta series,line,1,1.2932393235467572,-7.4088888888888675
magenta series,line,1,1.3622498849067313,-7.09111111111109
magenta series,line,1,1.4312604462667196,-6.895555555555532
magenta series,line,1,1.5002710076266936,-6.724444444444423
magenta series,line,1,1.569281568986682,-6.528888888888865
magenta series,line,1,1.638292130346656,-6.235555555555528
magenta series,line,1,1.7073026917066443,-5.917777777777751
magenta series,line,1,1.7763132530666326,-5.7711111111110895
magenta series,line,1,1.8453238144266066,-5.575555555555532
magenta series,line,1,1.914334375786595,-5.404444444444422
magenta series,line,1,1.983344937146569,-5.135555555555534
magenta series,line,1,2.0523554985065573,-4.866666666666646
magenta series,line,1,2.1213660598665314,-4.7199999999999775
magenta series,line,1,2.1903766212265197,-4.548888888888868
magenta series,line,1,2.2593871825864937,-4.377777777777752
magenta series,line,1,2.328397743946482,-4.1333333333333115
magenta series,line,1,2.3974083053064703,-3.8888888888888644
magenta series,line,1,2.4664188666664444,-3.742222222222196
magenta series,line,1,2.5354294280264327,-3.595555555555535
magenta series,line,1,2.6044399893864068,-3.4244444444444184
magenta series,line,1,2.673450550746395,-3.228888888888868
magenta series,line,1,2.742461112106369,-2.9844444444444207
magenta series,line,1,2.8114716734663574,-2.8377777777777524
magenta series,line,1,2.8804822348263457,-2.666666666666643
magenta series,line,1,2.9494927961863198,-2.544444444444423
magenta series,line,1,3.018503357546308,-2.3488888888888653
magenta series,line,1,3.087513918906282,-2.1533333333333076
magenta series,line,1,3.1565244802662704,-1.9822222222221981
magenta series,line,1,3.2255350416262445,-1.8599999999999781
magenta series,line,1,3.294545602986233,-1.7622222222221993
magenta series,line,1,3.363556164346221,-1.5422222222222004
magenta series,line,1,3.432566725706195,-1.3222222222222015
magenta series,line,1,3.5015772870661834,-1.1999999999999744
magenta series,line,1,3.5705878484261575,-1.0777777777777544
magenta series,line,1,3.639598409786146,-0.9799999999999756
magenta series,line,1,3.70860897114612,-0.8088888888888661
magenta series,line,1,3.777619532506108,-0.6133333333333084
magenta series,line,1,3.8466300938660822,-0.46666666666664014
magenta series,line,1,3.9156406552260705,-0.3688888888888684
magenta series,line,1,3.984651216586059,-0.24666666666664128
magenta series,line,1,4.053661777946033,-0.05111111111109068
magenta series,line,1,4.122672339306021,0.0955555555555776
magenta series,line,1,4.191682900665995,0.19333333333335645
magenta series,line,1,4.2606934620259835,0.31555555555557646
magenta series,line,1,4.329704023385958,0.4133333333333553
magenta series,line,1,4.398714584745946,0.5600000000000236
magenta series,line,1,4.467725146105934,0.5355555555555824
magenta series,line,1,4.536735707465908,0.3644444444444659
magenta series,line,1,4.6057462688258965,0.4133333333333553
magenta series,line,1,4.674756830185871,0.38888888888891415
magenta series,line,1,4.743767391545859,1.0000000000000213
magenta series,line,1,4.812777952905833,1.1711111111111379
magenta series,line,1,4.881788514265821,1.2444444444444684
magenta series,line,1,4.95079907562581,1.3422222222222473
magenta series,line,1,5.019809636985784,1.4400000000000261
magenta series,line,1,5.088820198345772,1.5622222222222462
magenta series,line,1,5.157830759705746,0.3644444444444659
magenta series,line,1,5.226841321065734,0.3644444444444659
magenta series,line,1,5.295851882425708,0.3644444444444659
magenta series,line,1,5.364862443785697,1.9288888888889133
magenta series,line,1,5.433873005145671,2.246666666666691
magenta series,line,1,5.502883566505659,2.34444444444447
magenta series,line,1,5.571894127865647,2.4422222222222487
magenta series,line,1,5.640904689225621,2.5155555555555793
magenta series,line,1,5.70991525058561,2.613333333333358
magenta series,line,1,5.778925811945584,2.735555555555578
magenta series,line,1,5.847936373305572,2.8088888888889088
magenta series,line,1,5.916946934665546,2.9066666666666876
magenta series,line,1,5.985957496025534,3.0044444444444665
magenta series,line,1,6.054968057385523,3.053333333333356
magenta series,line,1,6.123978618745497,3.175555555555576
magenta series,line,1,6.192989180105485,3.2488888888889136
magenta series,line,1,6.261999741465459,3.3466666666666924
magenta series,line,1,6.331010302825447,3.444444444444464
magenta series,line,1,6.4000208641854215,3.4933333333333536
magenta series,line,1,6.46903142554541,3.5666666666666913
magenta series,line,1,6.538041986905398,3.66444444444447
magenta series,line,1,6.607052548265372,3.7377777777778007
magenta series,line,1,6.67606310962536,3.8111111111111313
magenta series,line,1,6.7450736709853345,3.8600000000000207
magenta series,line,1,6.814084232345323,3.9577777777777996
magenta series,line,1,6.883094793705297,4.0555555555555785
magenta series,line,1,6.952105355065285,4.104444444444468
magenta series,line,1,7.021115916425259,4.153333333333357
magenta series,line,1,7.0901264777852475,4.251111111111136
magenta series,line,1,7.159137039145236,4.300000000000026
magenta series,line,1,7.22814760050521,4.397777777777797
magenta series,line,1,7.297158161865198,4.446666666666687
magenta series,line,1,7.366168723225172,4.495555555555576
magenta series,line,1,7.4351792845851605,4.544444444444466
magenta series,line,1,7.504189845945135,4.6422222222222445
magenta series,line,1,7.573200407305123,4.740000000000023
magenta series,line,1,7.642210968665111,4.7644444444444645
magenta series,line,1,7.711221530025085,4.837777777777802
magenta series,line,1,7.7802320913850735,4.886666666666692
magenta series,line,1,7.849242652745048,4.960000000000022
magenta series,line,1,7.918253214105036,5.008888888888912
magenta series,line,1,7.98726377546501,5.057777777777801
magenta series,line,1,8.056274336824998,5.1066666666666904
magenta series,line,1,8.125284898184987,5.180000000000021
magenta series,line,1,8.19429545954496,5.2288888888889105
magenta series,line,1,8.263306020904949,5.302222222222248
magenta series,line,1,8.332316582264923,5.351111111111138
magenta series,line,1,8.401327143624911,5.40000000000002
magenta series,line,1,8.470337704984885,5.448888888888909
magenta series,line,1,8.539348266344874,5.522222222222247
magenta series,line,1,8.608358827704848,5.546666666666688
magenta series,line,1,8.677369389064836,5.595555555555578
magenta series,line,1,8.746379950424824,5.644444444444467
magenta series,line,1,8.815390511784798,5.6933333333333564
magenta series,line,1,8.884401073144787,5.766666666666687
magenta series,line,1,8.95341163450476,5.791111111111135
magenta series,line,1,9.022422195864749,5.840000000000025
magenta series,line,1,9.091432757224723,5.888888888888914
magenta series,line,1,9.160443318584711,5.937777777777804
magenta series,line,1,9.2294538799447,5.986666666666693
magenta series,line,1,9.298464441304674,6.035555555555575
magenta series,line,1,9.367475002664662,6.060000000000024
magenta series,line,1,9.436485564024636,6.084444444444465
magenta series,line,1,9.505496125384624,6.133333333333354
magenta series,line,1,9.574506686744598,6.182222222222244
magenta series,line,1,9.643517248104587,6.231111111111133
magenta series,line,1,9.712527809464575,6.255555555555581
magenta series,line,1,9.78153837082455,6.2800000000000225
magenta series,line,1,9.850548932184537,6.328888888888912
magenta series,line,1,9.919559493544511,6.353333333333353
magenta series,line,1,9.9885700549045,6.4022222222222425
magenta series,line,1,10.057580616264474,6.451111111111132
magenta series,line,1,10.126591177624462,6.47555555555558
magenta series,line,1,10.195601738984436,6.500000000000021
magenta series,line,1,10.264612300344425,6.52444444444447
magenta series,line,1,10.333622861704413,6.548888888888911
magenta series,line,1,10.402633423064387,6.5977777777778
magenta series,line,1,10.471643984424375,6.64666666666669
magenta series,line,1,10.54065454578435,6.671111111111131
magenta series,line,1,10.609665107144338,6.695555555555579
magenta series,line,1,10.678675668504312,6.72000000000002
magenta series,line,1,10.7476862298643,6.76888888888891
magenta series,line,1,10.816696791224288,6.793333333333358
magenta series,line,1,10.885707352584262,6.793333333333358
magenta series,line,1,10.95471791394425,6.842222222222247
magenta series,line,1,11.023728475304225,6.891111111111137
magenta series,line,1,11.092739036664213,6.940000000000026
magenta series,line,1,11.161749598024187,6.940000000000026
magenta series,line,1,11.230760159384175,6.964444444444467
magenta series,line,1,11.299770720744164,6.9888888888889085
magenta series,line,1,11.368781282104138,7.013333333333357
magenta series,line,1,11.437791843464126,7.037777777777798
magenta series,line,1,11.5068024048241,7.062222222222246
magenta series,line,1,11.575812966184088,7.086666666666687
magenta series,line,1,11.644823527544062,7.135555555555577
magenta series,line,1,11.71383408890405,7.135555555555577
magenta series,line,1,11.782844650264025,7.184444444444466
magenta series,line,1,11.851855211624013,7.208888888888914
magenta series,line,1,11.920865772984001,7.208888888888914
magenta series,line,1,11.989876334343975,7.233333333333356
magenta series,line,1,12.058886895703964,7.257777777777804
magenta series,line,1,12.127897457063938,7.282222222222245
magenta series,line,1,12.196908018423926,7.306666666666686
magenta series,line,1,12.2659185797839,7.3311111111111344
magenta series,line,1,12.334929141143888,7.380000000000024
magenta series,line,1,12.403939702503877,7.380000000000024
magenta series,line,1,12.47295026386385,7.428888888888913
magenta series,line,1,12.541960825223839,7.428888888888913
magenta series,line,1,12.610971386583813,7.4533333333333545
magenta series,line,1,12.679981947943801,7.477777777777803
magenta series,line,1,12.748992509303775,7.502222222222244
magenta series,line,1,12.818003070663764,7.526666666666692
magenta series,line,1,12.887013632023752,7.526666666666692
magenta series,line,1,12.956024193383726,7.575555555555582
magenta series,line,1,13.025034754743714,7.575555555555582
magenta series,line,1,13.094045316103688,7.600000000000023
magenta series,line,1,13.163055877463677,7.648888888888912
magenta series,line,1,13.23206643882365,7.673333333333353
magenta series,line,1,13.30107700018364,7.673333333333353
magenta series,line,1,13.370087561543613,7.673333333333353
magenta series,line,1,13.439098122903602,7.722222222222243
magenta series,line,1,13.50810868426359,7.746666666666691
magenta series,line,1,13.577119245623564,7.771111111111132
magenta series,line,1,13.646129806983552,7.771111111111132
magenta series,line,1,13.715140368343526,7.79555555555558
magenta series,line,1,13.784150929703515,7.820000000000022
magenta series,line,1,13.853161491063489,7.868888888888911
magenta series,line,1,13.922172052423477,7.868888888888911
magenta series,line,1,13.991182613783465,7.893333333333359
magenta series,line,1,14.06019317514344,7.9177777777778005
magenta series,line,1,14.129203736503428,7.9177777777778005
magenta series,line,1,14.198214297863402,7.942222222222242
magenta series,line,1,14.26722485922339,7.96666666666669
magenta series,line,1,14.336235420583364,8.01555555555558
magenta series,line,1,14.405245981943352,8.01555555555558
magenta series,line,1,14.47425654330334,8.01555555555558
magenta series,line,1,14.543267104663315,8.04000000000002
magenta series,line,1,14.612277666023303,8.064444444444469
magenta series,line,1,14.681288227383277,8.08888888888891
magenta series,line,1,14.750298788743265,8.113333333333358
magenta series,line,1,14.81930935010324,8.113333333333358
magenta series,line,1,14.888319911463228,8.1377777777778
magenta series,line,1,14.957330472823216,8.162222222222248
magenta series,line,1,15.02634103418319,8.162222222222248
magenta series,line,1,15.095351595543178,8.162222222222248
magenta series,line,1,15.164362156903152,8.186666666666689
magenta series,line,1,15.23337271826314,8.211111111111137
magenta series,line,1,15.302383279623115,8.211111111111137
magenta series,line,1,15.371393840983103,8.211111111111137
magenta series,line,1,15.440404402343077,8.211111111111137
magenta series,line,1,15.509414963703065,8.235555555555578
magenta series,line,1,15.578425525063054,8.26000000000002
magenta series,line,1,15.647436086423028,8.26000000000002
magenta series,line,1,15.716446647783016,8.26000000000002
magenta series,line,1,15.78545720914299,8.26000000000002
magenta series,line,1,15.854467770502978,8.26000000000002
magenta series,line,1,15.923478331862952,8.26000000000002
magenta series,line,1,15.99248889322294,8.284444444444468
magenta series,line,1,16.06149945458293,8.308888888888909
magenta series,line,1,16.130510015942903,8.308888888888909
magenta series,line,1,16.19952057730289,8.308888888888909
magenta series,line,1,16.268531138662865,8.308888888888909
magenta series,line,1,16.337541700022854,8.333333333333357
magenta series,line,1,16.406552261382828,8.333333333333357
magenta series,line,1,16.475562822742816,8.333333333333357
magenta series,line,1,16.544573384102804,8.357777777777798
magenta series,line,1,16.61358394546278,8.357777777777798
magenta series,line,1,16.682594506822767,8.357777777777798
magenta series,line,1,16.75160506818274,8.357777777777798
magenta series,line,1,16.82061562954273,8.382222222222246
magenta series,line,1,16.889626190902703,8.382222222222246
magenta series,line,1,16.95863675226269,8.382222222222246
magenta series,line,1,17.027647313622666,8.382222222222246
magenta series,line,1,17.096657874982654,8.406666666666688
magenta series,line,1,17.165668436342642,8.406666666666688
magenta series,line,1,17.234678997702616,8.406666666666688
magenta series,line,1,17.303689559062605,8.406666666666688
magenta series,line,1,17.37270012042258,8.406666666666688
magenta series,line,1,17.441710681782567,8.406666666666688
magenta series,line,1,17.51072124314254,8.431111111111136
magenta series,line,1,17.57973180450253,8.431111111111136
magenta series,line,1,17.648742365862518,8.455555555555577
magenta series,line,1,17.71775292722249,8.455555555555577
magenta series,line,1,17.78676348858248,8.455555555555577
magenta series,line,1,17.855774049942454,8.455555555555577
magenta series,line,1,17.924784611302442,8.455555555555577
magenta series,line,1,17.993795172662416,8.455555555555577
magenta series,line,1,18.062805734022405,8.455555555555577
magenta series,line,1,18.131816295382393,8.455555555555577
magenta series,line,1,18.200826856742367,8.480000000000025
magenta series,line,1,18.269837418102355,8.480000000000025
magenta series,line,1,18.33884797946233,8.504444444444466
magenta series,line,1,18.407858540822318,8.504444444444466
magenta series,line,1,18.47686910218229,8.504444444444466
magenta series,line,1,18.54587966354228,8.504444444444466
magenta series,line,1,18.614890224902254,8.504444444444466
magenta series,line,1,18.683900786262242,8.504444444444466
magenta series,line,1,18.75291134762223,8.504444444444466
magenta series,line,1,18.821921908982205,8.528888888888915
magenta series,line,1,18.890932470342193,8.528888888888915
magenta series,line,1,18.959943031702167,8.528888888888915
magenta series,line,1,19.028953593062155,8.528888888888915
magenta series,line,1,19.09796415442213,8.553333333333356
magenta series,line,1,19.166974715782118,8.553333333333356
magenta series,line,1,19.235985277142106,8.553333333333356
magenta series,line,1,19.30499583850208,8.553333333333356
magenta series,line,1,19.37400639986207,8.553333333333356
magenta series,line,1,19.443016961222042,8.553333333333356
magenta series,line,1,19.51202752258203,8.577777777777797
magenta series,line,1,19.581038083942005,8.748888888888914
magenta series,line,1,19.650048645301993,8.724444444444465
magenta series,line,1,19.71905920666198,8.651111111111135
magenta series,line,1,19.788069768021955,8.626666666666686
magenta series,line,1,19.857080329381944,8.626666666666686
magenta series,line,1,19.926090890741918,8.626666666666686
magenta series,line,1,19.995101452101906,8.626666666666686
magenta series,line,1,20.06411201346188,8.626666666666686
magenta series,line,1,20.13312257482187,8.626666666666686
magenta series,line,1,20.202133136181843,8.724444444444465
magenta series,line,1,20.27114369754183,8.724444444444465
magenta series,line,1,20.34015425890182,8.724444444444465
magenta series,line,1,20.409164820261793,8.651111111111135
magenta series,line,1,20.47817538162178,8.651111111111135
magenta series,line,1,20.547185942981756,8.651111111111135
magenta series,line,1,20.616196504341744,8.651111111111135
magenta series,line,1,20.685207065701718,8.651111111111135
magenta series,line,1,20.754217627061706,8.651111111111135
magenta series,line,1,20.823228188421695,8.675555555555576
magenta series,line,1,20.89223874978167,8.675555555555576
magenta series,line,1,20.961249311141657,8.675555555555576
magenta series,line,1,21.03025987250163,8.675555555555576
magenta series,line,1,21.09927043386162,8.700000000000024
magenta series,line,1,21.168280995221593,8.700000000000024
magenta series,line,1,21.23729155658158,8.700000000000024
magenta series,line,1,21.30630211794157,8.700000000000024
magenta series,line,1,21.375312679301544,8.700000000000024
magenta series,line,1,21.444323240661532,8.700000000000024
magenta series,line,1,21.513333802021506,8.700000000000024
magenta series,line,1,21.582344363381495,8.700000000000024
magenta series,line,1,21.65135492474147,8.700000000000024
magenta series,line,1,21.720365486101457,8.700000000000024
magenta series,line,1,21.78937604746143,8.700000000000024
magenta series,line,1,21.85838660882142,8.700000000000024
magenta series,line,1,21.927397170181408,8.700000000000024
magenta series,line,1,21.99640773154138,8.700000000000024
magenta series,line,1,22.06541829290137,8.724444444444465
magenta series,line,1,22.134428854261344,8.724444444444465
magenta series,line,1,22.203439415621332,8.724444444444465
magenta series,line,1,22.272449976981306,8.724444444444465
magenta series,line,1,22.341460538341295,8.724444444444465
magenta series,line,1,22.410471099701283,8.724444444444465
magenta series,line,1,22.479481661061257,8.748888888888914
magenta series,line,1,22.548492222421245,8.748888888888914
magenta series,line,1,22.61750278378122,8.748888888888914
magenta series,line,1,22.686513345141208,8.748888888888914
magenta series,line,1,22.755523906501182,8.748888888888914
magenta series,line,1,22.82453446786117,8.748888888888914
magenta series,line,1,22.89354502922116,8.748888888888914
magenta series,line,1,22.962555590581132,8.748888888888914
magenta series,line,1,23.03156615194112,8.748888888888914
magenta series,line,1,23.100576713301095,8.748888888888914
magenta series,line,1,23.169587274661083,8.748888888888914
magenta series,line,1,23.238597836021057,8.748888888888914
magenta series,line,1,23.307608397381046,8.748888888888914
magenta series,line,1,23.37661895874102,8.748888888888914
magenta series,line,1,23.445629520101008,8.748888888888914
magenta series,line,1,23.514640081460996,8.748888888888914
magenta series,line,1,23.58365064282097,8.748888888888914
magenta series,line,1,23.65266120418096,8.748888888888914
magenta series,line,1,23.721671765540933,8.748888888888914
magenta series,line,1,23.79068232690092,8.773333333333355
magenta series,line,1,23.859692888260895,8.797777777777803
magenta series,line,1,23.928703449620883,8.773333333333355
magenta series,line,1,23.99771401098087,8.773333333333355
magenta series,line,1,24.066724572340846,8.773333333333355
magenta series,line,1,24.135735133700834,8.773333333333355
magenta series,line,1,24.204745695060808,8.797777777777803
magenta series,line,1,24.273756256420796,8.797777777777803
magenta series,line,1,24.34276681778077,8.797777777777803
magenta series,line,1,24.41177737914076,8.797777777777803
magenta series,line,1,24.480787940500747,8.797777777777803
magenta series,line,1,24.54979850186072,8.797777777777803
magenta series,line,1,24.61880906322071,8.797777777777803
magenta series,line,1,24.687819624580683,8.797777777777803
magenta series,line,1,24.75683018594067,8.797777777777803
magenta series,line,1,24.825840747300646,8.797777777777803
magenta series,line,1,24.894851308660634,8.797777777777803
magenta series,line,1,24.963861870020608,8.797777777777803
magenta series,line,1,25.032872431380596,8.797777777777803
magenta series,line,1,25.101882992740585,8.797777777777803
magenta series,line,1,25.17089355410056,8.797777777777803
magenta series,line,1,25.239904115460547,8.822222222222244
magenta series,line,1,25.30891467682052,8.822222222222244
magenta series,line,1,25.37792523818051,8.822222222222244
magenta series,line,1,25.446935799540483,8.822222222222244
magenta series,line,1,25.51594636090047,8.822222222222244
magenta series,line,1,25.58495692226046,8.822222222222244
magenta series,line,1,25.653967483620434,8.822222222222244
magenta series,line,1,25.722978044980422,8.822222222222244
magenta series,line,1,25.791988606340396,8.822222222222244
magenta series,line,1,25.860999167700385,8.822222222222244
magenta series,line,1,25.93000972906036,8.822222222222244
magenta series,line,1,25.999020290420347,8.822222222222244
magenta series,line,1,26.068030851780335,8.822222222222244
magenta series,line,1,26.13704141314031,8.822222222222244
magenta series,line,1,26.206051974500298,8.822222222222244
magenta series,line,1,26.275062535860272,8.822222222222244
magenta series,line,1,26.34407309722026,8.846666666666692
magenta series,line,1,26.413083658580234,8.846666666666692
magenta series,line,1,26.482094219940223,8.846666666666692
magenta series,line,1,26.551104781300197,8.846666666666692
magenta series,line,1,26.620115342660185,8.846666666666692
magenta series,line,1,26.689125904020173,8.846666666666692
magenta series,line,1,26.758136465380147,8.846666666666692
magenta series,line,1,26.827147026740136,8.846666666666692
magenta series,line,1,26.89615758810011,8.846666666666692
magenta series,line,1,26.965168149460098,8.846666666666692
magenta series,line,1,27.034178710820072,8.846666666666692
magenta series,line,1,27.10318927218006,8.846666666666692
magenta series,line,1,27.17219983354005,8.846666666666692
magenta series,line,1,27.241210394900023,8.846666666666692
magenta series,line,1,27.31022095626001,8.846666666666692
magenta series,line,1,27.379231517619985,8.871111111111134
magenta series,line,1,27.448242078979973,8.871111111111134
magenta series,line,1,27.517252640339947,8.871111111111134
magenta series,line,1,27.586263201699936,8.871111111111134
magenta series,line,1,27.655273763059924,8.871111111111134
magenta series,line,1,27.724284324419898,8.871111111111134
magenta series,line,1,27.793294885779886,8.871111111111134
magenta series,line,1,27.86230544713986,8.871111111111134
magenta series,line,1,27.93131600849985,8.871111111111134
magenta series,line,1,28.000326569859823,8.871111111111134
magenta series,line,1,28.06933713121981,8.871111111111134
magenta series,line,1,28.138347692579785,8.846666666666692
magenta series,line,1,28.207358253939773,8.846666666666692
magenta series,line,1,28.27636881529976,8.871111111111134
magenta series,line,1,28.345379376659736,8.871111111111134
magenta series,line,1,28.414389938019724,8.871111111111134
magenta series,line,1,28.483400499379698,8.871111111111134
magenta series,line,1,28.552411060739686,8.871111111111134
magenta series,line,1,28.62142162209966,8.871111111111134
magenta series,line,1,28.69043218345965,8.871111111111134
magenta series,line,1,28.759442744819637,8.871111111111134
magenta series,line,1,28.82845330617961,8.871111111111134
magenta series,line,1,28.8974638675396,8.871111111111134
magenta series,line,1,28.966474428899573,8.871111111111134
magenta series,line,1,29.03548499025956,8.871111111111134
magenta series,line,1,29.104495551619536,8.871111111111134
magenta series,line,1,29.173506112979524,8.871111111111134
magenta series,line,1,29.242516674339512,8.871111111111134
magenta series,line,1,29.311527235699486,8.871111111111134
magenta series,line,1,29.380537797059475,8.871111111111134
magenta series,line,1,29.44954835841945,8.871111111111134
magenta series,line,1,29.518558919779437,8.748888888888914
magenta series,line,1,29.58756948113941,8.748888888888914
magenta series,line,1,29.6565800424994,8.724444444444465
magenta series,line,1,29.725590603859388,8.724444444444465
magenta series,line,1,29.794601165219362,8.846666666666692
magenta series,line,1,29.86361172657935,8.846666666666692
magenta series,line,1,29.932622287939324,8.846666666666692
magenta series,line,1,30.001632849299313,8.846666666666692
magenta series,line,1,30.070643410659287,8.846666666666692
magenta series,line,1,30.139653972019275,8.797777777777803
magenta series,line,1,30.20866453337925,8.724444444444465
magenta series,line,1,30.277675094739237,8.724444444444465
magenta series,line,1,30.346685656099226,8.748888888888914
magenta series,line,1,30.4156962174592,8.895555555555575
magenta series,line,1,30.484706778819188,8.895555555555575
magenta series,line,1,30.553717340179162,8.895555555555575
magenta series,line,1,30.62272790153915,8.895555555555575
magenta series,line,1,30.691738462899124,8.895555555555575
magenta series,line,1,30.760749024259113,8.895555555555575
magenta series,line,1,30.8297595856191,8.895555555555575
magenta series,line,1,30.898770146979075,8.895555555555575
magenta series,line,1,30.967780708339063,8.895555555555575
magenta series,line,1,31.036791269699037,8.895555555555575
magenta series,line,1,31.105801831059026,8.895555555555575
magenta series,line,1,31.174812392419,8.895555555555575
magenta series,line,1,31.243822953778988,8.895555555555575
magenta series,line,1,31.312833515138976,8.895555555555575
magenta series,line,1,31.38184407649895,8.895555555555575
magenta series,line,1,31.45085463785894,8.895555555555575
magenta series,line,1,31.519865199218913,8.895555555555575
magenta series,line,1,31.5888757605789,8.895555555555575
magenta series,line,1,31.657886321938875,8.895555555555575
magenta series,line,1,31.726896883298863,8.895555555555575
magenta series,line,1,31.795907444658837,8.895555555555575
magenta series,line,1,31.864918006018826,8.895555555555575
magenta series,line,1,31.933928567378814,8.895555555555575
magenta series,line,1,32.00293912873879,8.895555555555575
magenta series,line,1,32.071949690098776,8.895555555555575
magenta series,line,1,32.14096025145875,8.895555555555575
magenta series,line,1,32.20997081281874,8.895555555555575
magenta series,line,1,32.27898137417871,8.895555555555575
magenta series,line,1,32.3479919355387,8.895555555555575
magenta series,line,1,32.41700249689869,8.895555555555575
magenta series,line,1,32.48601305825866,8.895555555555575
magenta series,line,1,32.55502361961865,8.895555555555575
magenta series,line,1,32.624034180978626,8.895555555555575
magenta series,line,1,32.693044742338614,8.895555555555575
magenta series,line,1,32.76205530369859,8.895555555555575
magenta series,line,1,32.83106586505858,8.895555555555575
magenta series,line,1,32.900076426418565,8.895555555555575
magenta series,line,1,32.96908698777854,8.895555555555575
magenta series,line,1,33.03809754913853,8.895555555555575
magenta series,line,1,33.1071081104985,8.895555555555575
magenta series,line,1,33.17611867185849,8.895555555555575
magenta series,line,1,33.245129233218464,8.895555555555575
magenta series,line,1,33.31413979457845,8.895555555555575
magenta series,line,1,33.383150355938426,8.895555555555575
magenta series,line,1,33.452160917298414,8.895555555555575
magenta series,line,1,33.5211714786584,8.895555555555575
magenta series,line,1,33.59018204001838,8.895555555555575
magenta series,line,1,33.659192601378365,8.895555555555575
magenta series,line,1,33.72820316273834,8.895555555555575
magenta series,line,1,33.79721372409833,8.895555555555575
magenta series,line,1,33.8662242854583,8.895555555555575
magenta series,line,1,33.93523484681829,8.895555555555575
magenta series,line,1,34.00424540817828,8.895555555555575
magenta series,line,1,34.07325596953825,8.895555555555575
magenta series,line,1,34.14226653089824,8.895555555555575
magenta series,line,1,34.211277092258214,8.895555555555575
magenta series,line,1,34.2802876536182,8.895555555555575
magenta series,line,1,34.34929821497818,8.895555555555575
magenta series,line,1,34.418308776338165,8.895555555555575
magenta series,line,1,34.48731933769815,8.895555555555575
magenta series,line,1,34.55632989905813,8.895555555555575
magenta series,line,1,34.625340460418116,8.895555555555575
magenta series,line,1,34.69435102177809,8.895555555555575
magenta series,line,1,34.76336158313808,8.895555555555575
magenta series,line,1,34.83237214449805,8.895555555555575
magenta series,line,1,34.90138270585804,8.895555555555575
magenta series,line,1,34.970393267218014,8.895555555555575
magenta series,line,1,35.039403828578,8.895555555555575
magenta series,line,1,35.10841438993799,8.895555555555575
magenta series,line,1,35.177424951297965,8.895555555555575
magenta series,line,1,35.24643551265795,8.895555555555575
magenta series,line,1,35.31544607401793,8.895555555555575
magenta series,line,1,35.384456635377916,8.895555555555575
magenta series,line,1,35.45346719673789,8.895555555555575
magenta series,line,1,35.52247775809788,8.895555555555575
magenta series,line,1,35.591488319457866,8.895555555555575
magenta series,line,1,35.66049888081784,8.895555555555575
magenta series,line,1,35.72950944217783,8.895555555555575
magenta series,line,1,35.7985200035378,8.895555555555575
magenta series,line,1,35.86753056489779,8.895555555555575
magenta series,line,1,35.936541126257765,8.895555555555575
magenta series,line,1,36.00555168761775,8.895555555555575
magenta series,line,1,36.07456224897774,8.895555555555575
magenta series,line,1,36.143572810337716,8.895555555555575
magenta series,line,1,36.212583371697704,8.895555555555575
magenta series,line,1,36.28159393305768,8.895555555555575
magenta series,line,1,36.35060449441767,8.895555555555575
magenta series,line,1,36.41961505577764,8.895555555555575
magenta series,line,1,36.48862561713763,8.895555555555575
magenta series,line,1,36.5576361784976,8.895555555555575
magenta series,line,1,36.62664673985759,8.895555555555575
magenta series,line,1,36.69565730121758,8.895555555555575
magenta series,line,1,36.764667862577554,8.895555555555575
magenta series,line,1,36.83367842393754,8.895555555555575
magenta series,line,1,36.902688985297516,8.895555555555575
magenta series,line,1,36.971699546657504,8.895555555555575
magenta series,line,1,37.04071010801748,8.895555555555575
magenta series,line,1,37.10972066937747,8.895555555555575
magenta series,line,1,37.178731230737455,8.895555555555575
magenta series,line,1,37.24774179209743,8.895555555555575
magenta series,line,1,37.31675235345742,8.895555555555575
magenta series,line,1,37.38576291481739,8.895555555555575
magenta series,line,1,37.45477347617738,8.895555555555575
magenta series,line,1,37.523784037537354,8.895555555555575
magenta series,line,1,37.59279459889734,8.895555555555575
magenta series,line,1,37.66180516025733,8.895555555555575
magenta series,line,1,37.730815721617304,8.895555555555575
magenta series,line,1,37.79982628297729,8.895555555555575
magenta series,line,1,37.86883684433727,8.895555555555575
magenta series,line,1,37.937847405697255,8.895555555555575
magenta series,line,1,38.00685796705723,8.895555555555575
magenta series,line,1,38.07586852841722,8.895555555555575
magenta series,line,1,38.14487908977719,8.895555555555575
magenta series,line,1,38.21388965113718,8.895555555555575
magenta series,line,1,38.28290021249717,8.895555555555575
magenta series,line,1,38.35191077385714,8.895555555555575
magenta series,line,1,38.42092133521713,8.895555555555575
magenta series,line,1,38.489931896577104,8.895555555555575
magenta series,line,1,38.55894245793709,8.895555555555575
magenta series,line,1,38.62795301929707,8.895555555555575
magenta series,line,1,38.696963580657055,8.895555555555575
magenta series,line,1,38.76597414201704,8.895555555555575
magenta series,line,1,38.83498470337702,8.895555555555575
magenta series,line,1,38.903995264737006,8.895555555555575
magenta series,line,1,38.97300582609698,8.895555555555575
magenta series,line,1,39.04201638745697,8.895555555555575
magenta series,line,1,39.11102694881694,8.895555555555575
magenta series,line,1,39.18003751017693,8.920000000000023
magenta series,line,1,39.24904807153692,8.920000000000023
magenta series,line,1,39.31805863289689,8.920000000000023
magenta series,line,1,39.38706919425688,8.895555555555575
magenta series,line,1,39.456079755616855,8.895555555555575
magenta series,line,1,39.52509031697684,8.920000000000023
magenta series,line,1,39.59410087833682,8.920000000000023
magenta series,line,1,39.663111439696806,8.920000000000023
magenta series,line,1,39.73212200105678,8.920000000000023
magenta series,line,1,39.80113256241677,8.920000000000023
magenta series,line,1,39.87014312377676,8.920000000000023
magenta series,line,1,39.93915368513673,8.920000000000023
magenta series,line,1,40.00816424649672,8.920000000000023
magenta series,line,1,40.07717480785669,8.920000000000023
magenta series,line,1,40.14618536921668,8.920000000000023
magenta series,line,1,40.215195930576655,8.920000000000023
magenta series,line,1,40.284206491936644,8.920000000000023
magenta series,line,1,40.35321705329663,8.920000000000023
magenta series,line,1,40.422227614656606,8.920000000000023
magenta series,line,1,40.491238176016594,8.920000000000023
magenta series,line,1,40.56024873737657,8.920000000000023
magenta series,line,1,40.62925929873656,8.920000000000023
magenta series,line,1,40.69826986009653,8.920000000000023
magenta series,line,1,40.76728042145652,8.920000000000023
magenta series,line,1,40.83629098281651,8.920000000000023
magenta series,line,1,40.90530154417648,8.920000000000023
magenta series,line,1,40.97431210553647,8.920000000000023
magenta series,line,1,41.043322666896444,8.920000000000023
magenta series,line,1,41.11233322825643,8.920000000000023
magenta series,line,1,41.181343789616406,8.920000000000023
magenta series,line,1,41.250354350976394,8.920000000000023
magenta series,line,1,41.31936491233637,8.920000000000023
magenta series,line,1,41.38837547369636,8.920000000000023
magenta series,line,1,41.457386035056345,8.920000000000023
magenta series,line,1,41.52639659641632,8.920000000000023
magenta series,line,1,41.59540715777631,8.920000000000023
magenta series,line,1,41.66441771913628,8.920000000000023
magenta series,line,1,41.73342828049627,8.920000000000023
magenta series,line,1,41.802438841856244,8.920000000000023
magenta series,line,1,41.87144940321623,8.920000000000023
magenta series,line,1,41.94045996457622,8.920000000000023
magenta series,line,1,42.009470525936194,8.920000000000023
magenta series,line,1,42.07848108729618,8.920000000000023
magenta series,line,1,42.14749164865616,8.920000000000023
magenta series,line,1,42.216502210016145,8.920000000000023
magenta series,line,1,42.28551277137612,8.920000000000023
magenta series,line,1,42.35452333273611,8.920000000000023
magenta series,line,1,42.423533894096096,8.920000000000023
magenta series,line,1,42.49254445545607,8.920000000000023
magenta series,line,1,42.56155501681606,8.920000000000023
magenta series,line,1,42.63056557817603,8.920000000000023
magenta series,line,1,42.69957613953602,8.920000000000023
magenta series,line,1,42.768586700895995,8.920000000000023
magenta series,line,1,42.83759726225598,8.920000000000023
magenta series,line,1,42.90660782361596,8.920000000000023
magenta series,line,1,42.975618384975945,8.920000000000023
magenta series,line,1,43.04462894633593,8.920000000000023
magenta series,line,1,43.11363950769591,8.920000000000023
magenta series,line,1,43.182650069055896,8.920000000000023
magenta series,line,1,43.25166063041587,8.920000000000023
magenta series,line,1,43.32067119177586,8.920000000000023
magenta series,line,1,43.38968175313583,8.920000000000023
magenta series,line,1,43.45869231449582,8.920000000000023
magenta series,line,1,43.52770287585581,8.920000000000023
magenta series,line,1,43.59671343721578,8.920000000000023
magenta series,line,1,43.66572399857577,8.920000000000023
magenta series,line,1,43.734734559935745,8.920000000000023
magenta series,line,1,43.803745121295734,8.920000000000023
magenta series,line,1,43.87275568265571,8.920000000000023
magenta series,line,1,43.941766244015696,8.920000000000023
magenta series,line,1,44.010776805375684,8.920000000000023
magenta series,line,1,44.07978736673566,8.920000000000023
magenta series,line,1,44.14879792809565,8.920000000000023
magenta series,line,1,44.21780848945562,8.920000000000023
magenta series,line,1,44.28681905081561,8.920000000000023
magenta series,line,1,44.35582961217558,8.920000000000023
magenta series,line,1,44.42484017353557,8.920000000000023
magenta series,line,1,44.49385073489556,8.920000000000023
magenta series,line,1,44.562861296255534,8.944444444444464
magenta series,line,1,44.63187185761552,8.920000000000023
magenta series,line,1,44.700882418975496,8.920000000000023
magenta series,line,1,44.769892980335484,8.895555555555575
magenta series,line,1,44.83890354169546,8.895555555555575
orange series,line,1,0.18907034178703697,-12.444444444444422
orange series,line,1,0.25808090314701815,-12.346666666666643
orange series,line,1,0.32709146450699933,-12.297777777777753
orange series,line,1,0.3961020258669805,-12.175555555555533
orange series,line,1,0.4651125872269688,-12.102222222222196
orange series,line,1,0.53412314858695,-12.028888888888865
orange series,line,1,0.6031337099469312,-11.979999999999976
orange series,line,1,0.6721442713069123,-12.004444444444417
orange series,line,1,0.7411548326668935,-12.102222222222196
orange series,line,1,0.8101653940268747,-11.882222222222197
orange series,line,1,0.8791759553868559,-11.491111111111088
orange series,line,1,0.9481865167468442,-11.246666666666641
orange series,line,1,1.0171970781068183,-11.148888888888862
orange series,line,1,1.0862076394668065,-11.099999999999973
orange series,line,1,1.1552182008267806,-11.026666666666642
orange series,line,1,1.224228762186769,-10.928888888888864
orange series,line,1,1.2932393235467572,-10.855555555555533
orange series,line,1,1.3622498849067313,-10.733333333333306
orange series,line,1,1.4312604462667196,-10.611111111111086
orange series,line,1,1.5002710076266936,-10.488888888888866
orange series,line,1,1.569281568986682,-10.439999999999976
orange series,line,1,1.638292130346656,-10.342222222222198
orange series,line,1,1.7073026917066443,-10.171111111111088
orange series,line,1,1.7763132530666326,-10.122222222222199
orange series,line,1,1.8453238144266066,-10.07333333333331
orange series,line,1,1.914334375786595,-9.926666666666641
orange series,line,1,1.983344937146569,-9.877777777777752
orange series,line,1,2.0523554985065573,-9.779999999999973
orange series,line,1,2.1213660598665314,-9.731111111111083
orange series,line,1,2.1903766212265197,-9.657777777777753
orange series,line,1,2.2593871825864937,-9.535555555555533
orange series,line,1,2.328397743946482,-9.462222222222195
orange series,line,1,2.3974083053064703,-9.388888888888864
orange series,line,1,2.4664188666664444,-9.339999999999975
orange series,line,1,2.5354294280264327,-9.291111111111086
orange series,line,1,2.6044399893864068,-9.144444444444417
orange series,line,1,2.673450550746395,-9.071111111111087
orange series,line,1,2.742461112106369,-8.997777777777756
orange series,line,1,2.8114716734663574,-8.899999999999977
orange series,line,1,2.8804822348263457,-8.875555555555529
orange series,line,1,2.9494927961863198,-8.77777777777775
orange series,line,1,3.018503357546308,-8.679999999999978
orange series,line,1,3.087513918906282,-8.631111111111089
orange series,line,1,3.1565244802662704,-8.48444444444442
orange series,line,1,3.2255350416262445,-8.41111111111109
orange series,line,1,3.294545602986233,-8.3622222222222
orange series,line,1,3.363556164346221,-8.313333333333311
orange series,line,1,3.432566725706195,-8.191111111111084
orange series,line,1,3.5015772870661834,-8.166666666666643
orange series,line,1,3.5705878484261575,-8.068888888888864
orange series,line,1,3.639598409786146,-8.044444444444423
orange series,line,1,3.70860897114612,-7.922222222222196
orange series,line,1,3.777619532506108,-7.824444444444417
orange series,line,1,3.8466300938660822,-7.799999999999976
orange series,line,1,3.9156406552260705,-7.726666666666645
orange series,line,1,3.984651216586059,-7.677777777777756
orange series,line,1,4.053661777946033,-7.555555555555529
orange series,line,1,4.122672339306021,-7.482222222222198
orange series,line,1,4.191682900665995,-7.457777777777757
orange series,line,1,4.2606934620259835,-7.4088888888888675
orange series,line,1,4.329704023385958,-7.359999999999978
orange series,line,1,4.398714584745946,-7.262222222222199
orange series,line,1,4.467725146105934,-7.017777777777752
orange series,line,1,4.536735707465908,-6.479999999999976
orange series,line,1,4.6057462688258965,-6.455555555555534
orange series,line,1,4.674756830185871,-6.479999999999976
orange series,line,1,4.743767391545859,-6.577777777777754
orange series,line,1,4.812777952905833,-6.626666666666644
orange series,line,1,4.881788514265821,-6.602222222222196
orange series,line,1,4.95079907562581,-6.577777777777754
orange series,line,1,5.019809636985784,-6.577777777777754
orange series,line,1,5.088820198345772,-6.528888888888865
orange series,line,1,5.157830759705746,-6.382222222222197
orange series,line,1,5.226841321065734,-6.333333333333307
orange series,line,1,5.295851882425708,-6.333333333333307
orange series,line,1,5.364862443785697,-6.308888888888866
orange series,line,1,5.433873005145671,-6.284444444444418
orange series,line,1,5.502883566505659,-6.235555555555528
orange series,line,1,5.571894127865647,-6.162222222222198
orange series,line,1,5.640904689225621,-6.088888888888867
orange series,line,1,5.70991525058561,-6.064444444444419
orange series,line,1,5.778925811945584,-6.01555555555553
orange series,line,1,5.847936373305572,-5.942222222222199
orange series,line,1,5.916946934665546,-5.868888888888868
orange series,line,1,5.985957496025534,-5.819999999999979
orange series,line,1,6.054968057385523,-5.746666666666641
orange series,line,1,6.123978618745497,-5.697777777777752
orange series,line,1,6.192989180105485,-5.648888888888862
orange series,line,1,6.261999741465459,-5.599999999999973
orange series,line,1,6.331010302825447,-5.599999999999973
orange series,line,1,6.4000208641854215,-5.575555555555532
orange series,line,1,6.46903142554541,-5.453333333333312
orange series,line,1,6.538041986905398,-5.379999999999974
orange series,line,1,6.607052548265372,-5.331111111111085
orange series,line,1,6.67606310962536,-5.257777777777754
orange series,line,1,6.7450736709853345,-5.208888888888865
orange series,line,1,6.814084232345323,-5.159999999999975
orange series,line,1,6.883094793705297,-5.111111111111086
orange series,line,1,6.952105355065285,-5.086666666666645
orange series,line,1,7.021115916425259,-5.062222222222196
orange series,line,1,7.0901264777852475,-4.964444444444418
orange series,line,1,7.159137039145236,-4.915555555555528
orange series,line,1,7.22814760050521,-4.842222222222198
orange series,line,1,7.297158161865198,-4.842222222222198
orange series,line,1,7.366168723225172,-4.817777777777756
orange series,line,1,7.4351792845851605,-4.744444444444419
orange series,line,1,7.504189845945135,-4.671111111111088
orange series,line,1,7.573200407305123,-4.59777777777775
orange series,line,1,7.642210968665111,-4.59777777777775
orange series,line,1,7.711221530025085,-4.548888888888868
orange series,line,1,7.7802320913850735,-4.499999999999979
orange series,line,1,7.849242652745048,-4.451111111111089
orange series,line,1,7.918253214105036,-4.426666666666641
orange series,line,1,7.98726377546501,-4.35333333333331
orange series,line,1,8.056274336824998,-4.35333333333331
orange series,line,1,8.125284898184987,-4.2555555555555316
orange series,line,1,8.19429545954496,-4.23111111111109
orange series,line,1,8.263306020904949,-4.157777777777753
orange series,line,1,8.332316582264923,-4.108888888888863
orange series,line,1,8.401327143624911,-4.108888888888863
orange series,line,1,8.470337704984885,-4.059999999999974
orange series,line,1,8.539348266344874,-4.035555555555533
orange series,line,1,8.608358827704848,-3.9866666666666433
orange series,line,1,8.677369389064836,-3.8888888888888644
orange series,line,1,8.746379950424824,-3.8644444444444233
orange series,line,1,8.815390511784798,-3.8644444444444233
orange series,line,1,8.884401073144787,-3.815555555555534
orange series,line,1,8.95341163450476,-3.742222222222196
orange series,line,1,9.022422195864749,-3.6933333333333067
orange series,line,1,9.091432757224723,-3.6444444444444173
orange series,line,1,9.160443318584711,-3.619999999999976
orange series,line,1,9.2294538799447,-3.619999999999976
orange series,line,1,9.298464441304674,-3.5711111111110867
orange series,line,1,9.367475002664662,-3.473333333333308
orange series,line,1,9.436485564024636,-3.4488888888888667
orange series,line,1,9.505496125384624,-3.3999999999999773
orange series,line,1,9.574506686744598,-3.375555555555529
orange series,line,1,9.643517248104587,-3.351111111111088
orange series,line,1,9.712527809464575,-3.3266666666666396
orange series,line,1,9.78153837082455,-3.3022222222221984
orange series,line,1,9.850548932184537,-3.2044444444444196
orange series,line,1,9.919559493544511,-3.1799999999999784
orange series,line,1,9.9885700549045,-3.15555555555553
orange series,line,1,10.057580616264474,-3.131111111111089
orange series,line,1,10.126591177624462,-3.131111111111089
orange series,line,1,10.195601738984436,-3.0822222222221995
orange series,line,1,10.264612300344425,-3.0577777777777513
orange series,line,1,10.333622861704413,-2.9844444444444207
orange series,line,1,10.402633423064387,-2.9355555555555313
orange series,line,1,10.471643984424375,-2.886666666666642
orange series,line,1,10.54065454578435,-2.8622222222222007
orange series,line,1,10.609665107144338,-2.8377777777777524
orange series,line,1,10.678675668504312,-2.788888888888863
orange series,line,1,10.7476862298643,-2.764444444444422
orange series,line,1,10.816696791224288,-2.7155555555555324
orange series,line,1,10.885707352584262,-2.666666666666643
orange series,line,1,10.95471791394425,-2.642222222222202
orange series,line,1,11.023728475304225,-2.6177777777777536
orange series,line,1,11.092739036664213,-2.5933333333333124
orange series,line,1,11.161749598024187,-2.568888888888864
orange series,line,1,11.230760159384175,-2.5199999999999747
orange series,line,1,11.299770720744164,-2.4955555555555335
orange series,line,1,11.368781282104138,-2.4711111111110853
orange series,line,1,11.437791843464126,-2.422222222222196
orange series,line,1,11.5068024048241,-2.422222222222196
orange series,line,1,11.575812966184088,-2.3733333333333064
orange series,line,1,11.644823527544062,-2.3733333333333064
orange series,line,1,11.71383408890405,-2.324444444444424
orange series,line,1,11.782844650264025,-2.2755555555555347
orange series,line,1,11.851855211624013,-2.2755555555555347
orange series,line,1,11.920865772984001,-2.2266666666666453
orange series,line,1,11.989876334343975,-2.202222222222197
orange series,line,1,12.058886895703964,-2.1533333333333076
orange series,line,1,12.127897457063938,-2.1533333333333076
orange series,line,1,12.196908018423926,-2.1288888888888664
orange series,line,1,12.2659185797839,-2.104444444444418
orange series,line,1,12.334929141143888,-2.079999999999977
orange series,line,1,12.403939702503877,-2.0311111111110876
orange series,line,1,12.47295026386385,-2.0311111111110876
orange series,line,1,12.541960825223839,-1.957777777777757
orange series,line,1,12.610971386583813,-1.9333333333333087
orange series,line,1,12.679981947943801,-1.9088888888888675
orange series,line,1,12.748992509303775,-1.8844444444444193
orange series,line,1,12.818003070663764,-1.8355555555555298
orange series,line,1,12.887013632023752,-1.8355555555555298
orange series,line,1,12.956024193383726,-1.7866666666666404
orange series,line,1,13.025034754743714,-1.7622222222221993
orange series,line,1,13.094045316103688,-1.6888888888888687
orange series,line,1,13.163055877463677,-1.6888888888888687
orange series,line,1,13.23206643882365,-1.6644444444444204
orange series,line,1,13.30107700018364,-1.6399999999999793
orange series,line,1,13.370087561543613,-1.6399999999999793
orange series,line,1,13.439098122903602,-1.615555555555531
orange series,line,1,13.50810868426359,-1.5911111111110898
orange series,line,1,13.577119245623564,-1.5422222222222004
orange series,line,1,13.646129806983552,-1.493333333333311
orange series,line,1,13.715140368343526,-1.493333333333311
orange series,line,1,13.784150929703515,-1.4444444444444215
orange series,line,1,13.853161491063489,-1.4444444444444215
orange series,line,1,13.922172052423477,-1.4444444444444215
orange series,line,1,13.991182613783465,-1.4199999999999733
orange series,line,1,14.06019317514344,-1.4199999999999733
orange series,line,1,14.129203736503428,-1.3955555555555321
orange series,line,1,14.198214297863402,-1.3466666666666427
orange series,line,1,14.26722485922339,-1.3222222222222015
orange series,line,1,14.336235420583364,-1.2733333333333121
orange series,line,1,14.405245981943352,-1.2488888888888638
orange series,line,1,14.47425654330334,-1.2488888888888638
orange series,line,1,14.543267104663315,-1.1999999999999744
orange series,line,1,14.612277666023303,-1.1999999999999744
orange series,line,1,14.681288227383277,-1.1999999999999744
orange series,line,1,14.750298788743265,-1.1755555555555333
orange series,line,1,14.81930935010324,-1.151111111111085
orange series,line,1,14.888319911463228,-1.1022222222221956
orange series,line,1,14.957330472823216,-1.0777777777777544
orange series,line,1,15.02634103418319,-1.028888888888865
orange series,line,1,15.095351595543178,-1.028888888888865
orange series,line,1,15.164362156903152,-1.0044444444444238
orange series,line,1,15.23337271826314,-0.9555555555555344
orange series,line,1,15.302383279623115,-0.9311111111110861
orange series,line,1,15.371393840983103,-0.9311111111110861
orange series,line,1,15.440404402343077,-0.9311111111110861
orange series,line,1,15.509414963703065,-0.906666666666645
orange series,line,1,15.578425525063054,-0.906666666666645
orange series,line,1,15.647436086423028,-0.906666666666645
orange series,line,1,15.716446647783016,-0.8577777777777555
orange series,line,1,15.78545720914299,-0.8333333333333073
orange series,line,1,15.854467770502978,-0.8088888888888661
orange series,line,1,15.923478331862952,-0.7599999999999767
orange series,line,1,15.99248889322294,-0.7355555555555355
orange series,line,1,16.06149945458293,-0.7111111111110873
orange series,line,1,16.130510015942903,-0.7111111111110873
orange series,line,1,16.19952057730289,-0.7111111111110873
orange series,line,1,16.268531138662865,-0.7111111111110873
orange series,line,1,16.337541700022854,-0.6622222222221978
orange series,line,1,16.406552261382828,-0.6622222222221978
orange series,line,1,16.475562822742816,-0.6133333333333084
orange series,line,1,16.544573384102804,-0.6133333333333084
orange series,line,1,16.61358394546278,-0.5888888888888673
orange series,line,1,16.682594506822767,-0.5888888888888673
orange series,line,1,16.75160506818274,-0.564444444444419
orange series,line,1,16.82061562954273,-0.5399999999999778
orange series,line,1,16.889626190902703,-0.5155555555555296
orange series,line,1,16.95863675226269,-0.46666666666664014
orange series,line,1,17.027647313622666,-0.46666666666664014
orange series,line,1,17.096657874982654,-0.442222222222199
orange series,line,1,17.165668436342642,-0.442222222222199
orange series,line,1,17.234678997702616,-0.4177777777777578
orange series,line,1,17.303689559062605,-0.4177777777777578
orange series,line,1,17.37270012042258,-0.4177777777777578
orange series,line,1,17.441710681782567,-0.39333333333330955
orange series,line,1,17.51072124314254,-0.3688888888888684
orange series,line,1,17.57973180450253,-0.31999999999997897
orange series,line,1,17.648742365862518,-0.31999999999997897
orange series,line,1,17.71775292722249,-0.2955555555555307
orange series,line,1,17.78676348858248,-0.2955555555555307
orange series,line,1,17.855774049942454,-0.2955555555555307
orange series,line,1,17.924784611302442,-0.27111111111108954
orange series,line,1,17.993795172662416,-0.24666666666664128
orange series,line,1,18.062805734022405,-0.19777777777775185
orange series,line,1,18.131816295382393,-0.19777777777775185
orange series,line,1,18.200826856742367,-0.1733333333333107
orange series,line,1,18.269837418102355,-0.1733333333333107
orange series,line,1,18.33884797946233,-0.1733333333333107
orange series,line,1,18.407858540822318,-0.14888888888886243
orange series,line,1,18.47686910218229,-0.12444444444442126
orange series,line,1,18.54587966354228,-0.12444444444442126
orange series,line,1,18.614890224902254,-0.099999999999973
orange series,line,1,18.683900786262242,-0.07555555555553184
orange series,line,1,18.75291134762223,-0.026666666666642413
orange series,line,1,18.821921908982205,-0.026666666666642413
orange series,line,1,18.890932470342193,-0.026666666666642413
orange series,line,1,18.959943031702167,-0.026666666666642413
orange series,line,1,19.028953593062155,-0.0022222222222012533
orange series,line,1,19.09796415442213,-0.0022222222222012533
orange series,line,1,19.166974715782118,0.022222222222247012
orange series,line,1,19.235985277142106,0.04666666666668817
orange series,line,1,19.30499583850208,0.04666666666668817
orange series,line,1,19.37400639986207,0.0955555555555776
orange series,line,1,19.443016961222042,0.12000000000002586
orange series,line,1,19.51202752258203,0.12000000000002586
orange series,line,1,19.581038083942005,0.14444444444446702
orange series,line,1,19.650048645301993,0.14444444444446702
orange series,line,1,44.21780848945562,1.8311111111111344
orange series,line,1,44.28681905081561,1.8311111111111344
orange series,line,1,44.35582961217558,1.8311111111111344
orange series,line,1,44.42484017353557,1.8311111111111344
orange series,line,1,44.49385073489556,1.8311111111111344
orange series,line,1,44.562861296255534,1.8311111111111344
orange series,line,1,44.63187185761552,1.8311111111111344
orange series,line,1,44.700882418975496,1.8311111111111344
orange series,line,1,44.769892980335484,1.8555555555555756
orange series,line,1,44.83890354169546,1.8311111111111344
